{"cameraMode":{"drawMode":0,"name":"Shaded","section":"Shading Mode"},"sceneLighting":false,"audioPlay":false,"sceneViewState":{"m_AlwaysRefresh":false,"showFog":false,"showSkybox":false,"showFlares":false,"showImageEffects":false,"showParticleSystems":false,"showVisualEffectGraphs":true,"m_FxEnabled":true},"in2DMode":false,"pivot":{"x":1.9073731899261475,"y":1.5742225646972657,"z":1.6540794372558594},"rotation":{"x":0.4638975262641907,"y":-0.005314663052558899,"z":0.002783901058137417,"w":0.8858709335327148},"size":8.043009757995606,"orthographic":false}