{"cameraMode":{"drawMode":0,"name":"Shaded","section":"Shading Mode"},"sceneLighting":false,"audioPlay":false,"sceneViewState":{"m_AlwaysRefresh":false,"showFog":false,"showSkybox":false,"showFlares":false,"showImageEffects":false,"showParticleSystems":false,"showVisualEffectGraphs":true,"m_FxEnabled":true},"in2DMode":false,"pivot":{"x":4.870203971862793,"y":0.7714004516601563,"z":0.5308504104614258},"rotation":{"x":0.4638975262641907,"y":-0.005314663052558899,"z":0.002783901058137417,"w":0.8858709335327148},"size":11.784274101257325,"orthographic":false}